row_id,total_bid
JOB_000008__CON_000103,2364449.6421415033
JOB_000030__CON_000061,442465.4815317029
JOB_000030__CON_000217,442465.4815317029
JOB_000045__CON_000037,1991524.8005855894
JOB_000045__CON_000122,1991524.8005855894
JOB_000045__CON_000158,1991524.8005855894
JOB_000045__CON_000174,1991524.8005855894
JOB_000045__CON_000199,1991524.8005855894
JOB_000050__CON_000037,4943559.747083855
JOB_000050__CON_000045,4943559.747083855
JOB_000050__CON_000174,4943559.747083855
JOB_000059__CON_000030,1796576.2793779366
JOB_000059__CON_000033,1796576.2793779366
JOB_000059__CON_000158,1796576.2793779366
JOB_000059__CON_000164,1796576.2793779366
JOB_000059__CON_000174,1796576.2793779366
JOB_000059__CON_000187,1796576.2793779366
JOB_000059__CON_000194,1796576.2793779366
JOB_000059__CON_000215,1796576.2793779366
JOB_000078__CON_000060,926777.43067234
JOB_000078__CON_000130,926777.43067234
JOB_000085__CON_000060,771383.2314613161
JOB_000085__CON_000130,771383.2314613161
JOB_000103__CON_000030,2124786.7553936113
JOB_000103__CON_000047,2124786.7553936113
JOB_000103__CON_000075,2124786.7553936113
JOB_000103__CON_000137,2124786.7553936113
JOB_000103__CON_000158,2124786.7553936113
JOB_000103__CON_000186,2124786.7553936113
JOB_000103__CON_000187,2124786.7553936113
JOB_000104__CON_000108,2548672.24000461
JOB_000104__CON_000129,2548672.24000461
JOB_000104__CON_000156,2548672.24000461
JOB_000104__CON_000157,2548672.24000461
JOB_000106__CON_000037,2562910.123688888
JOB_000106__CON_000040,2562910.123688888
JOB_000106__CON_000047,2562910.123688888
JOB_000106__CON_000137,2562910.123688888
JOB_000106__CON_000158,2562910.123688888
JOB_000106__CON_000164,2562910.123688888
JOB_000106__CON_000183,2562910.123688888
JOB_000106__CON_000187,2562910.123688888
JOB_000106__CON_000207,2562910.123688888
JOB_000117__CON_000023,602220.523155436
JOB_000117__CON_000075,602220.523155436
JOB_000117__CON_000148,602220.523155436
JOB_000117__CON_000150,602220.523155436
JOB_000117__CON_000187,602220.523155436
JOB_000117__CON_000236,602220.523155436
JOB_000120__CON_000017,317178.6416402224
JOB_000120__CON_000084,317178.6416402224
JOB_000120__CON_000137,317178.6416402224
JOB_000120__CON_000148,317178.6416402224
JOB_000120__CON_000193,317178.6416402224
JOB_000120__CON_000194,317178.6416402224
JOB_000163__CON_000137,3762495.0775259896
JOB_000181__CON_000105,1155074.5904090358
JOB_000181__CON_000132,1155074.5904090358
JOB_000181__CON_000193,1155074.5904090358
JOB_000186__CON_000037,2304895.8995431047
JOB_000186__CON_000040,2304895.8995431047
JOB_000186__CON_000187,2304895.8995431047
JOB_000191__CON_000037,3240660.2649805495
JOB_000191__CON_000158,3240660.2649805495
JOB_000194__CON_000037,2700934.003937277
JOB_000194__CON_000158,2700934.003937277
JOB_000212__CON_000030,2096450.853663763
JOB_000212__CON_000074,2096450.853663763
JOB_000212__CON_000075,2096450.853663763
JOB_000212__CON_000186,2096450.853663763
JOB_000212__CON_000187,2096450.853663763
JOB_000215__CON_000229,4711651.516056292
JOB_000220__CON_000017,2557502.5081848577
JOB_000220__CON_000030,2557502.5081848577
JOB_000220__CON_000084,2557502.5081848577
JOB_000220__CON_000158,2557502.5081848577
JOB_000220__CON_000187,2557502.5081848577
JOB_000220__CON_000194,2557502.5081848577
JOB_000223__CON_000002,1382342.1062000308
JOB_000223__CON_000137,1382342.1062000308
JOB_000223__CON_000148,1382342.1062000308
JOB_000223__CON_000158,1382342.1062000308
JOB_000223__CON_000178,1382342.1062000308
JOB_000223__CON_000193,1382342.1062000308
JOB_000264__CON_000017,8523773.485918626
JOB_000264__CON_000037,8523773.485918626
JOB_000264__CON_000137,8523773.485918626
JOB_000264__CON_000158,8523773.485918626
JOB_000264__CON_000169,8523773.485918626
JOB_000264__CON_000187,8523773.485918626
JOB_000264__CON_000194,8523773.485918626
JOB_000264__CON_000207,8523773.485918626
JOB_000264__CON_000215,8523773.485918626
JOB_000266__CON_000115,531499.88348502
JOB_000266__CON_000160,531499.88348502
JOB_000266__CON_000215,531499.88348502
JOB_000269__CON_000010,361579.7190390117
JOB_000269__CON_000037,361579.7190390117
JOB_000269__CON_000057,361579.7190390117
JOB_000277__CON_000075,630249.7751083695
JOB_000277__CON_000125,630249.7751083695
JOB_000277__CON_000187,630249.7751083695
JOB_000290__CON_000012,1624923.4895743218
JOB_000290__CON_000108,1624923.4895743218
JOB_000290__CON_000187,1624923.4895743218
JOB_000300__CON_000037,462861.4552457662
JOB_000300__CON_000076,462861.4552457662
JOB_000300__CON_000158,462861.4552457662
JOB_000310__CON_000030,2273327.8192678466
JOB_000310__CON_000033,2273327.8192678466
JOB_000310__CON_000039,2273327.8192678466
JOB_000310__CON_000158,2273327.8192678466
JOB_000310__CON_000164,2273327.8192678466
JOB_000310__CON_000174,2273327.8192678466
JOB_000310__CON_000215,2273327.8192678466
JOB_000333__CON_000016,1770027.1450759883
JOB_000333__CON_000046,1770027.1450759883
JOB_000333__CON_000157,1770027.1450759883
JOB_000333__CON_000158,1770027.1450759883
JOB_000334__CON_000040,2944666.049350909
JOB_000334__CON_000137,2944666.049350909
JOB_000334__CON_000148,2944666.049350909
JOB_000334__CON_000158,2944666.049350909
JOB_000334__CON_000169,2944666.049350909
JOB_000334__CON_000187,2944666.049350909
JOB_000334__CON_000193,2944666.049350909
JOB_000334__CON_000207,2944666.049350909
JOB_000350__CON_000037,1519836.6728350972
JOB_000350__CON_000137,1519836.6728350972
JOB_000350__CON_000158,1519836.6728350972
JOB_000350__CON_000164,1519836.6728350972
JOB_000350__CON_000207,1519836.6728350972
JOB_000358__CON_000037,1658142.001535422
JOB_000358__CON_000143,1658142.001535422
JOB_000358__CON_000158,1658142.001535422
JOB_000358__CON_000174,1658142.001535422
JOB_000381__CON_000009,10007536.61897393
JOB_000381__CON_000158,10007536.61897393
JOB_000381__CON_000187,10007536.61897393
JOB_000400__CON_000037,5845377.128376212
JOB_000400__CON_000158,5845377.128376212
JOB_000400__CON_000174,5845377.128376212
JOB_000421__CON_000002,1090295.239926075
JOB_000421__CON_000036,1090295.239926075
JOB_000421__CON_000040,1090295.239926075
JOB_000421__CON_000137,1090295.239926075
JOB_000421__CON_000156,1090295.239926075
JOB_000421__CON_000158,1090295.239926075
JOB_000421__CON_000178,1090295.239926075
JOB_000421__CON_000180,1090295.239926075
JOB_000421__CON_000187,1090295.239926075
JOB_000421__CON_000207,1090295.239926075
JOB_000421__CON_000219,1090295.239926075
JOB_000426__CON_000129,4313990.618877889
JOB_000426__CON_000158,4313990.618877889
JOB_000437__CON_000187,1795551.9325115697
JOB_000437__CON_000207,1795551.9325115697
JOB_000457__CON_000108,1436814.3088802947
JOB_000457__CON_000137,1436814.3088802947
JOB_000457__CON_000148,1436814.3088802947
JOB_000470__CON_000037,1593596.9220021847
JOB_000470__CON_000143,1593596.9220021847
JOB_000470__CON_000158,1593596.9220021847
JOB_000470__CON_000199,1593596.9220021847
JOB_000486__CON_000017,4631111.23993938
JOB_000486__CON_000030,4631111.23993938
JOB_000486__CON_000194,4631111.23993938
JOB_000486__CON_000215,4631111.23993938
JOB_000496__CON_000061,608835.3933919139
JOB_000496__CON_000133,608835.3933919139
JOB_000497__CON_000157,3787269.7012052094
JOB_000497__CON_000158,3787269.7012052094
JOB_000497__CON_000187,3787269.7012052094
JOB_000497__CON_000191,3787269.7012052094
JOB_000503__CON_000137,574036.0235549851
JOB_000503__CON_000148,574036.0235549851
JOB_000503__CON_000157,574036.0235549851
JOB_000503__CON_000158,574036.0235549851
JOB_000516__CON_000108,3657276.513180896
JOB_000516__CON_000129,3657276.513180896
JOB_000516__CON_000158,3657276.513180896
JOB_000516__CON_000187,3657276.513180896
JOB_000526__CON_000033,773265.2987766413
JOB_000526__CON_000137,773265.2987766413
JOB_000526__CON_000158,773265.2987766413
JOB_000526__CON_000180,773265.2987766413
JOB_000526__CON_000187,773265.2987766413
JOB_000526__CON_000191,773265.2987766413
JOB_000526__CON_000213,773265.2987766413
JOB_000532__CON_000097,478862.1214562278
JOB_000532__CON_000191,478862.1214562278
JOB_000543__CON_000033,3241385.785243201
JOB_000543__CON_000158,3241385.785243201
JOB_000543__CON_000215,3241385.785243201
JOB_000546__CON_000170,7017216.137642326
JOB_000546__CON_000187,7017216.137642326
JOB_000548__CON_000061,555362.0963257585
JOB_000548__CON_000217,555362.0963257585
JOB_000556__CON_000017,969338.9528260141
JOB_000556__CON_000030,969338.9528260141
JOB_000556__CON_000137,969338.9528260141
JOB_000556__CON_000193,969338.9528260141
JOB_000556__CON_000194,969338.9528260141
JOB_000556__CON_000219,969338.9528260141
JOB_000562__CON_000071,2600555.738392849
JOB_000562__CON_000125,2600555.738392849
JOB_000562__CON_000182,2600555.738392849
JOB_000565__CON_000002,355447.9304314792
JOB_000565__CON_000036,355447.9304314792
JOB_000565__CON_000038,355447.9304314792
JOB_000565__CON_000137,355447.9304314792
JOB_000565__CON_000178,355447.9304314792
JOB_000584__CON_000001,2274756.185471672
JOB_000584__CON_000030,2274756.185471672
JOB_000584__CON_000033,2274756.185471672
JOB_000584__CON_000039,2274756.185471672
JOB_000584__CON_000158,2274756.185471672
JOB_000584__CON_000164,2274756.185471672
JOB_000584__CON_000174,2274756.185471672
JOB_000584__CON_000215,2274756.185471672
JOB_000588__CON_000075,411532.4145552421
JOB_000588__CON_000094,411532.4145552421
JOB_000592__CON_000064,265404.23038410034
JOB_000592__CON_000071,265404.23038410034
JOB_000592__CON_000117,265404.23038410034
JOB_000592__CON_000125,265404.23038410034
JOB_000592__CON_000182,265404.23038410034
JOB_000592__CON_000203,265404.23038410034
JOB_000592__CON_000213,265404.23038410034
JOB_000612__CON_000094,2672522.043390687
JOB_000622__CON_000036,416829.4483961203
JOB_000622__CON_000037,416829.4483961203
JOB_000622__CON_000038,416829.4483961203
JOB_000622__CON_000087,416829.4483961203
JOB_000622__CON_000137,416829.4483961203
JOB_000626__CON_000030,1580661.52297718
JOB_000626__CON_000158,1580661.52297718
JOB_000626__CON_000187,1580661.52297718
JOB_000626__CON_000194,1580661.52297718
JOB_000647__CON_000158,4902953.441297988
JOB_000647__CON_000174,4902953.441297988
JOB_000665__CON_000164,666328.434202449
JOB_000677__CON_000001,1363236.766774523
JOB_000677__CON_000037,1363236.766774523
JOB_000677__CON_000097,1363236.766774523
JOB_000677__CON_000191,1363236.766774523
JOB_000678__CON_000037,3813842.5663559004
JOB_000678__CON_000158,3813842.5663559004
JOB_000684__CON_000033,2663724.3686586595
JOB_000684__CON_000037,2663724.3686586595
JOB_000684__CON_000039,2663724.3686586595
JOB_000684__CON_000143,2663724.3686586595
JOB_000684__CON_000158,2663724.3686586595
JOB_000684__CON_000215,2663724.3686586595
JOB_000693__CON_000037,5871108.469583107
JOB_000693__CON_000158,5871108.469583107
JOB_000693__CON_000183,5871108.469583107
JOB_000696__CON_000137,935074.0400004103
JOB_000696__CON_000158,935074.0400004103
JOB_000696__CON_000215,935074.0400004103
JOB_000697__CON_000037,1075398.272268534
JOB_000697__CON_000149,1075398.272268534
JOB_000697__CON_000158,1075398.272268534
JOB_000697__CON_000174,1075398.272268534
JOB_000723__CON_000033,4716457.405716835
JOB_000723__CON_000158,4716457.405716835
JOB_000723__CON_000215,4716457.405716835
JOB_000725__CON_000046,2486171.5188049753
JOB_000725__CON_000158,2486171.5188049753
JOB_000725__CON_000187,2486171.5188049753
JOB_000728__CON_000036,1657804.9747335142
JOB_000728__CON_000137,1657804.9747335142
JOB_000728__CON_000156,1657804.9747335142
JOB_000728__CON_000178,1657804.9747335142
JOB_000731__CON_000030,4653990.174917101
JOB_000731__CON_000031,4653990.174917101
JOB_000731__CON_000075,4653990.174917101
JOB_000731__CON_000158,4653990.174917101
JOB_000731__CON_000187,4653990.174917101
JOB_000754__CON_000152,2399488.5053479616
JOB_000754__CON_000158,2399488.5053479616
JOB_000754__CON_000194,2399488.5053479616
JOB_000768__CON_000187,2948878.4175963383
JOB_000778__CON_000043,3454362.9320080094
JOB_000778__CON_000074,3454362.9320080094
JOB_000778__CON_000152,3454362.9320080094
JOB_000778__CON_000187,3454362.9320080094
JOB_000787__CON_000017,5545094.161291534
JOB_000787__CON_000030,5545094.161291534
JOB_000787__CON_000137,5545094.161291534
JOB_000787__CON_000158,5545094.161291534
JOB_000787__CON_000169,5545094.161291534
JOB_000787__CON_000194,5545094.161291534
JOB_000787__CON_000219,5545094.161291534
JOB_000803__CON_000001,2286179.078813457
JOB_000803__CON_000137,2286179.078813457
JOB_000803__CON_000186,2286179.078813457
JOB_000803__CON_000187,2286179.078813457
JOB_000821__CON_000107,318256.40249402827
JOB_000821__CON_000132,318256.40249402827
JOB_000821__CON_000161,318256.40249402827
JOB_000821__CON_000193,318256.40249402827
JOB_000822__CON_000037,3637978.411824378
JOB_000822__CON_000143,3637978.411824378
JOB_000822__CON_000158,3637978.411824378
JOB_000854__CON_000088,1126004.5905988445
JOB_000854__CON_000187,1126004.5905988445
JOB_000854__CON_000236,1126004.5905988445
JOB_000856__CON_000030,1419103.1174270217
JOB_000856__CON_000074,1419103.1174270217
JOB_000856__CON_000131,1419103.1174270217
JOB_000856__CON_000187,1419103.1174270217
JOB_000863__CON_000033,1492692.6557222262
JOB_000863__CON_000158,1492692.6557222262
JOB_000863__CON_000169,1492692.6557222262
JOB_000863__CON_000174,1492692.6557222262
JOB_000863__CON_000187,1492692.6557222262
JOB_000876__CON_000037,1387218.2653119576
JOB_000876__CON_000137,1387218.2653119576
JOB_000876__CON_000164,1387218.2653119576
JOB_000876__CON_000187,1387218.2653119576
JOB_000876__CON_000215,1387218.2653119576
JOB_000877__CON_000047,425584.25359821325
JOB_000877__CON_000066,425584.25359821325
JOB_000877__CON_000158,425584.25359821325
JOB_000877__CON_000187,425584.25359821325
JOB_000897__CON_000017,4288773.594663955
JOB_000897__CON_000039,4288773.594663955
JOB_000897__CON_000075,4288773.594663955
JOB_000897__CON_000084,4288773.594663955
JOB_000897__CON_000158,4288773.594663955
JOB_000897__CON_000194,4288773.594663955
JOB_000902__CON_000031,2144991.585984254
JOB_000902__CON_000075,2144991.585984254
JOB_000902__CON_000088,2144991.585984254
JOB_000902__CON_000187,2144991.585984254
JOB_000903__CON_000030,871041.473639808
JOB_000903__CON_000075,871041.473639808
JOB_000903__CON_000158,871041.473639808
JOB_000903__CON_000187,871041.473639808
JOB_000924__CON_000036,406794.2197277041
JOB_000924__CON_000038,406794.2197277041
JOB_000924__CON_000137,406794.2197277041
JOB_000924__CON_000178,406794.2197277041
JOB_000930__CON_000133,425868.5420345292
JOB_000930__CON_000162,425868.5420345292
JOB_000930__CON_000217,425868.5420345292
JOB_000952__CON_000001,448188.6442287244
JOB_000952__CON_000097,448188.6442287244
JOB_000952__CON_000191,448188.6442287244
JOB_000965__CON_000037,1960582.4104057772
JOB_000965__CON_000164,1960582.4104057772
JOB_000965__CON_000215,1960582.4104057772
JOB_000965__CON_000229,1960582.4104057772
JOB_000969__CON_000130,1214992.1576296885
JOB_000969__CON_000164,1214992.1576296885
JOB_001000__CON_000016,8089270.16312688
JOB_001000__CON_000037,8089270.16312688
JOB_001000__CON_000046,8089270.16312688
JOB_001000__CON_000158,8089270.16312688
JOB_001000__CON_000187,8089270.16312688
JOB_001000__CON_000215,8089270.16312688
JOB_001005__CON_000103,1513248.4027895008
JOB_001005__CON_000106,1513248.4027895008
JOB_001005__CON_000116,1513248.4027895008
JOB_001014__CON_000036,1360979.6741007254
JOB_001014__CON_000037,1360979.6741007254
JOB_001014__CON_000038,1360979.6741007254
JOB_001014__CON_000045,1360979.6741007254
JOB_001014__CON_000137,1360979.6741007254
JOB_001014__CON_000158,1360979.6741007254
JOB_001014__CON_000187,1360979.6741007254
JOB_001026__CON_000105,600397.7000978967
JOB_001026__CON_000132,600397.7000978967
JOB_001026__CON_000193,600397.7000978967
JOB_001027__CON_000037,326909.52517786843
JOB_001027__CON_000057,326909.52517786843
JOB_001027__CON_000199,326909.52517786843
JOB_001027__CON_000213,326909.52517786843
JOB_001040__CON_000075,2145551.0955354776
JOB_001040__CON_000088,2145551.0955354776
JOB_001047__CON_000075,1389968.1956727202
JOB_001047__CON_000088,1389968.1956727202
JOB_001049__CON_000037,7293509.934862631
JOB_001049__CON_000045,7293509.934862631
JOB_001049__CON_000158,7293509.934862631
JOB_001067__CON_000108,2360686.291267192
JOB_001067__CON_000129,2360686.291267192
JOB_001067__CON_000158,2360686.291267192
JOB_001067__CON_000187,2360686.291267192
JOB_001072__CON_000039,1079640.57118643
JOB_001072__CON_000046,1079640.57118643
JOB_001072__CON_000158,1079640.57118643
JOB_001072__CON_000169,1079640.57118643
JOB_001072__CON_000215,1079640.57118643
JOB_001073__CON_000037,1555796.8362207015
JOB_001073__CON_000158,1555796.8362207015
JOB_001074__CON_000037,9596542.30223771
JOB_001074__CON_000158,9596542.30223771
JOB_001074__CON_000187,9596542.30223771
JOB_001074__CON_000207,9596542.30223771
JOB_001088__CON_000037,2845779.6319456147
JOB_001088__CON_000137,2845779.6319456147
JOB_001088__CON_000151,2845779.6319456147
JOB_001088__CON_000187,2845779.6319456147
JOB_001088__CON_000207,2845779.6319456147
JOB_001088__CON_000215,2845779.6319456147
JOB_001090__CON_000001,1111641.8242134186
JOB_001090__CON_000030,1111641.8242134186
JOB_001090__CON_000033,1111641.8242134186
JOB_001090__CON_000039,1111641.8242134186
JOB_001090__CON_000158,1111641.8242134186
JOB_001090__CON_000169,1111641.8242134186
JOB_001090__CON_000215,1111641.8242134186
JOB_001111__CON_000164,2182210.633987656
JOB_001113__CON_000001,940763.5178462632
JOB_001113__CON_000030,940763.5178462632
JOB_001113__CON_000075,940763.5178462632
JOB_001113__CON_000088,940763.5178462632
JOB_001113__CON_000187,940763.5178462632
JOB_001113__CON_000236,940763.5178462632
JOB_001135__CON_000017,989745.4961119741
JOB_001135__CON_000036,989745.4961119741
JOB_001135__CON_000137,989745.4961119741
JOB_001135__CON_000164,989745.4961119741
JOB_001135__CON_000178,989745.4961119741
JOB_001135__CON_000193,989745.4961119741
JOB_001135__CON_000194,989745.4961119741
JOB_001135__CON_000207,989745.4961119741
JOB_001135__CON_000219,989745.4961119741
JOB_001172__CON_000037,2674315.5779648256
JOB_001172__CON_000158,2674315.5779648256
JOB_001174__CON_000108,1350836.3218538477
JOB_001174__CON_000137,1350836.3218538477
JOB_001174__CON_000156,1350836.3218538477
JOB_001174__CON_000157,1350836.3218538477
JOB_001174__CON_000178,1350836.3218538477
JOB_001174__CON_000187,1350836.3218538477
JOB_001182__CON_000037,3778373.279249987
JOB_001182__CON_000045,3778373.279249987
JOB_001182__CON_000123,3778373.279249987
JOB_001182__CON_000174,3778373.279249987
JOB_001182__CON_000199,3778373.279249987
JOB_001183__CON_000108,4312800.223775222
JOB_001183__CON_000187,4312800.223775222
JOB_001191__CON_000031,1284336.6085285926
JOB_001191__CON_000090,1284336.6085285926
JOB_001191__CON_000187,1284336.6085285926
JOB_001202__CON_000048,6395760.495844486
JOB_001202__CON_000187,6395760.495844486
JOB_001204__CON_000097,466951.7976919374
JOB_001204__CON_000191,466951.7976919374
JOB_001210__CON_000024,490679.1489449043
JOB_001210__CON_000108,490679.1489449043
JOB_001210__CON_000129,490679.1489449043
JOB_001210__CON_000137,490679.1489449043
JOB_001210__CON_000178,490679.1489449043
JOB_001210__CON_000187,490679.1489449043
JOB_001210__CON_000210,490679.1489449043
JOB_001216__CON_000107,701561.5997387273
JOB_001216__CON_000132,701561.5997387273
JOB_001219__CON_000130,471652.52361801296
JOB_001219__CON_000164,471652.52361801296
JOB_001219__CON_000216,471652.52361801296
JOB_001224__CON_000097,631166.7212316601
JOB_001224__CON_000191,631166.7212316601
JOB_001233__CON_000030,5618458.42671611
JOB_001233__CON_000033,5618458.42671611
JOB_001233__CON_000037,5618458.42671611
JOB_001233__CON_000158,5618458.42671611
JOB_001233__CON_000169,5618458.42671611
JOB_001233__CON_000174,5618458.42671611
JOB_001233__CON_000187,5618458.42671611
JOB_001233__CON_000215,5618458.42671611
JOB_001263__CON_000037,5877597.7314474145
JOB_001263__CON_000045,5877597.7314474145
JOB_001263__CON_000123,5877597.7314474145
JOB_001263__CON_000174,5877597.7314474145
JOB_001264__CON_000075,857091.8305745495
JOB_001264__CON_000158,857091.8305745495
JOB_001264__CON_000187,857091.8305745495
JOB_001268__CON_000017,945119.7838370022
JOB_001268__CON_000030,945119.7838370022
JOB_001268__CON_000137,945119.7838370022
JOB_001268__CON_000169,945119.7838370022
JOB_001268__CON_000193,945119.7838370022
JOB_001268__CON_000194,945119.7838370022
JOB_001280__CON_000001,2386768.2954799477
JOB_001280__CON_000030,2386768.2954799477
JOB_001280__CON_000033,2386768.2954799477
JOB_001280__CON_000039,2386768.2954799477
JOB_001280__CON_000158,2386768.2954799477
JOB_001280__CON_000169,2386768.2954799477
JOB_001280__CON_000215,2386768.2954799477
JOB_001293__CON_000037,3773450.041122747
JOB_001293__CON_000158,3773450.041122747
JOB_001293__CON_000187,3773450.041122747
JOB_001301__CON_000046,2341498.255092125
JOB_001301__CON_000158,2341498.255092125
JOB_001301__CON_000187,2341498.255092125
JOB_001306__CON_000016,889662.1194816846
JOB_001306__CON_000033,889662.1194816846
JOB_001306__CON_000039,889662.1194816846
JOB_001306__CON_000046,889662.1194816846
JOB_001306__CON_000158,889662.1194816846
JOB_001306__CON_000169,889662.1194816846
JOB_001317__CON_000030,463581.38234247477
JOB_001317__CON_000036,463581.38234247477
JOB_001317__CON_000137,463581.38234247477
JOB_001317__CON_000169,463581.38234247477
JOB_001317__CON_000219,463581.38234247477
JOB_001323__CON_000030,4740145.784435932
JOB_001323__CON_000074,4740145.784435932
JOB_001323__CON_000075,4740145.784435932
JOB_001323__CON_000158,4740145.784435932
JOB_001323__CON_000187,4740145.784435932
JOB_001323__CON_000215,4740145.784435932
JOB_001324__CON_000066,2058487.3157810234
JOB_001324__CON_000137,2058487.3157810234
JOB_001345__CON_000075,793910.0642180333
JOB_001345__CON_000094,793910.0642180333
JOB_001363__CON_000074,6901963.581995363
JOB_001363__CON_000075,6901963.581995363
JOB_001363__CON_000187,6901963.581995363
JOB_001363__CON_000236,6901963.581995363
JOB_001364__CON_000157,469734.1625624662
JOB_001364__CON_000158,469734.1625624662
JOB_001364__CON_000187,469734.1625624662
JOB_001369__CON_000075,481817.54887313355
JOB_001369__CON_000102,481817.54887313355
JOB_001369__CON_000164,481817.54887313355
JOB_001375__CON_000038,527432.6429621882
JOB_001375__CON_000137,527432.6429621882
JOB_001377__CON_000037,5428230.81536604
JOB_001377__CON_000045,5428230.81536604
JOB_001377__CON_000158,5428230.81536604
JOB_001377__CON_000174,5428230.81536604
JOB_001377__CON_000199,5428230.81536604
JOB_001390__CON_000047,6997118.620534877
JOB_001390__CON_000158,6997118.620534877
JOB_001390__CON_000164,6997118.620534877
JOB_001390__CON_000187,6997118.620534877
JOB_001392__CON_000094,517582.0287195715
JOB_001392__CON_000103,517582.0287195715
JOB_001392__CON_000116,517582.0287195715
JOB_001392__CON_000137,517582.0287195715
JOB_001401__CON_000037,1769904.3336207252
JOB_001401__CON_000187,1769904.3336207252
JOB_001404__CON_000001,1401715.612763105
JOB_001404__CON_000047,1401715.612763105
JOB_001404__CON_000075,1401715.612763105
JOB_001404__CON_000131,1401715.612763105
JOB_001404__CON_000137,1401715.612763105
JOB_001404__CON_000158,1401715.612763105
JOB_001404__CON_000169,1401715.612763105
JOB_001404__CON_000187,1401715.612763105
JOB_001422__CON_000108,6435781.732115204
JOB_001422__CON_000187,6435781.732115204
JOB_001426__CON_000137,3762120.401477658
JOB_001438__CON_000001,228772.04860859897
JOB_001438__CON_000030,228772.04860859897
JOB_001438__CON_000036,228772.04860859897
JOB_001438__CON_000131,228772.04860859897
JOB_001438__CON_000187,228772.04860859897
JOB_001438__CON_000194,228772.04860859897
JOB_001438__CON_000219,228772.04860859897
JOB_001456__CON_000017,929433.8977080939
JOB_001456__CON_000215,929433.8977080939
JOB_001460__CON_000036,531016.6496206251
JOB_001460__CON_000038,531016.6496206251
JOB_001460__CON_000137,531016.6496206251
JOB_001460__CON_000178,531016.6496206251
JOB_001503__CON_000001,4961656.272269983
JOB_001503__CON_000075,4961656.272269983
JOB_001503__CON_000088,4961656.272269983
JOB_001503__CON_000187,4961656.272269983
JOB_001503__CON_000215,4961656.272269983
JOB_001511__CON_000097,407586.26316954324
JOB_001511__CON_000191,407586.26316954324
JOB_001549__CON_000105,318256.40249402827
JOB_001549__CON_000132,318256.40249402827
JOB_001549__CON_000193,318256.40249402827
JOB_001549__CON_000205,318256.40249402827
JOB_001550__CON_000001,896424.900766958
JOB_001550__CON_000023,896424.900766958
JOB_001550__CON_000158,896424.900766958
JOB_001550__CON_000187,896424.900766958
JOB_001555__CON_000017,1990481.3908922179
JOB_001555__CON_000030,1990481.3908922179
JOB_001555__CON_000137,1990481.3908922179
JOB_001555__CON_000158,1990481.3908922179
JOB_001555__CON_000188,1990481.3908922179
JOB_001555__CON_000194,1990481.3908922179
JOB_001555__CON_000219,1990481.3908922179
JOB_001557__CON_000001,694769.4420028854
JOB_001557__CON_000097,694769.4420028854
JOB_001557__CON_000191,694769.4420028854
JOB_001572__CON_000037,2568550.9860612224
JOB_001572__CON_000158,2568550.9860612224
JOB_001572__CON_000169,2568550.9860612224
JOB_001572__CON_000187,2568550.9860612224
JOB_001572__CON_000199,2568550.9860612224
JOB_001572__CON_000215,2568550.9860612224
JOB_001572__CON_000220,2568550.9860612224
JOB_001597__CON_000087,3218837.9163891156
JOB_001597__CON_000108,3218837.9163891156
JOB_001597__CON_000137,3218837.9163891156
JOB_001597__CON_000187,3218837.9163891156
JOB_001599__CON_000037,7944817.716016398
JOB_001599__CON_000137,7944817.716016398
JOB_001599__CON_000158,7944817.716016398
JOB_001599__CON_000164,7944817.716016398
JOB_001599__CON_000169,7944817.716016398
JOB_001599__CON_000187,7944817.716016398
JOB_001599__CON_000194,7944817.716016398
JOB_001599__CON_000207,7944817.716016398
JOB_001610__CON_000037,2046054.6800735863
JOB_001610__CON_000143,2046054.6800735863
JOB_001610__CON_000158,2046054.6800735863
JOB_001610__CON_000174,2046054.6800735863
JOB_001610__CON_000187,2046054.6800735863
JOB_001616__CON_000036,2798937.657038191
JOB_001616__CON_000038,2798937.657038191
JOB_001616__CON_000087,2798937.657038191
JOB_001616__CON_000137,2798937.657038191
JOB_001617__CON_000033,1455955.7199707683
JOB_001617__CON_000039,1455955.7199707683
JOB_001617__CON_000158,1455955.7199707683
JOB_001617__CON_000164,1455955.7199707683
JOB_001617__CON_000169,1455955.7199707683
JOB_001617__CON_000174,1455955.7199707683
JOB_001617__CON_000187,1455955.7199707683
JOB_001617__CON_000215,1455955.7199707683
JOB_001628__CON_000108,3328370.336028441
JOB_001628__CON_000129,3328370.336028441
JOB_001628__CON_000187,3328370.336028441
JOB_001631__CON_000017,1309583.6939597651
JOB_001631__CON_000158,1309583.6939597651
JOB_001631__CON_000187,1309583.6939597651
JOB_001631__CON_000194,1309583.6939597651
JOB_001644__CON_000108,3188373.096128579
JOB_001644__CON_000137,3188373.096128579
JOB_001644__CON_000156,3188373.096128579
JOB_001652__CON_000037,7265541.120895379
JOB_001652__CON_000158,7265541.120895379
JOB_001652__CON_000199,7265541.120895379
JOB_001654__CON_000031,1197544.3722543546
JOB_001654__CON_000075,1197544.3722543546
JOB_001654__CON_000187,1197544.3722543546
JOB_001655__CON_000037,6178051.536111732
JOB_001655__CON_000158,6178051.536111732
JOB_001655__CON_000187,6178051.536111732
JOB_001657__CON_000001,668319.7908909223
JOB_001657__CON_000097,668319.7908909223
JOB_001661__CON_000108,2413625.060681919
JOB_001661__CON_000129,2413625.060681919
JOB_001661__CON_000187,2413625.060681919
JOB_001665__CON_000017,982678.0732285638
JOB_001665__CON_000137,982678.0732285638
JOB_001665__CON_000193,982678.0732285638
JOB_001665__CON_000194,982678.0732285638
JOB_001665__CON_000219,982678.0732285638
JOB_001671__CON_000016,1082983.7030897501
JOB_001671__CON_000039,1082983.7030897501
JOB_001671__CON_000046,1082983.7030897501
JOB_001671__CON_000158,1082983.7030897501
JOB_001671__CON_000187,1082983.7030897501
JOB_001679__CON_000037,344917.39674017916
JOB_001679__CON_000137,344917.39674017916
JOB_001679__CON_000158,344917.39674017916
JOB_001679__CON_000164,344917.39674017916
JOB_001682__CON_000237,5916273.664491666
JOB_001700__CON_000036,972639.9748885906
JOB_001700__CON_000075,972639.9748885906
JOB_001700__CON_000150,972639.9748885906
JOB_001700__CON_000167,972639.9748885906
JOB_001700__CON_000187,972639.9748885906
JOB_001702__CON_000108,2100505.8064281563
JOB_001702__CON_000129,2100505.8064281563
JOB_001718__CON_000037,3003206.827178655
JOB_001718__CON_000158,3003206.827178655
JOB_001718__CON_000187,3003206.827178655
JOB_001718__CON_000207,3003206.827178655
JOB_001731__CON_000137,9435698.360259743
JOB_001731__CON_000158,9435698.360259743
JOB_001731__CON_000187,9435698.360259743
JOB_001743__CON_000036,2181038.3277040836
JOB_001743__CON_000137,2181038.3277040836
JOB_001743__CON_000169,2181038.3277040836
JOB_001743__CON_000178,2181038.3277040836
JOB_001743__CON_000193,2181038.3277040836
JOB_001746__CON_000012,6146970.984438093
JOB_001746__CON_000149,6146970.984438093
JOB_001746__CON_000158,6146970.984438093
JOB_001746__CON_000192,6146970.984438093
JOB_001752__CON_000037,1272016.1061721097
JOB_001752__CON_000158,1272016.1061721097
JOB_001756__CON_000012,2023486.298428716
JOB_001756__CON_000158,2023486.298428716
JOB_001756__CON_000187,2023486.298428716
JOB_001756__CON_000207,2023486.298428716
JOB_001769__CON_000120,5618379.792820906
JOB_001769__CON_000158,5618379.792820906
JOB_001780__CON_000158,1806611.7271368005
JOB_001780__CON_000215,1806611.7271368005
JOB_001790__CON_000071,2593874.059496692
JOB_001790__CON_000125,2593874.059496692
JOB_001790__CON_000196,2593874.059496692
JOB_001790__CON_000213,2593874.059496692
JOB_001802__CON_000001,2146265.695664588
JOB_001802__CON_000075,2146265.695664588
JOB_001802__CON_000137,2146265.695664588
JOB_001802__CON_000158,2146265.695664588
JOB_001802__CON_000186,2146265.695664588
JOB_001802__CON_000187,2146265.695664588
JOB_001813__CON_000075,5355275.496838582
JOB_001813__CON_000158,5355275.496838582
JOB_001813__CON_000187,5355275.496838582
JOB_001838__CON_000001,1578440.576079413
JOB_001838__CON_000030,1578440.576079413
JOB_001838__CON_000033,1578440.576079413
JOB_001838__CON_000075,1578440.576079413
JOB_001838__CON_000158,1578440.576079413
JOB_001838__CON_000187,1578440.576079413
JOB_001845__CON_000043,551983.5364698548
JOB_001845__CON_000074,551983.5364698548
JOB_001845__CON_000152,551983.5364698548
JOB_001845__CON_000187,551983.5364698548
JOB_001854__CON_000017,5117942.546434275
JOB_001854__CON_000037,5117942.546434275
JOB_001854__CON_000084,5117942.546434275
JOB_001854__CON_000137,5117942.546434275
JOB_001854__CON_000158,5117942.546434275
JOB_001854__CON_000215,5117942.546434275
JOB_001872__CON_000012,11627358.931484852
JOB_001872__CON_000047,11627358.931484852
JOB_001872__CON_000151,11627358.931484852
JOB_001872__CON_000158,11627358.931484852
JOB_001872__CON_000164,11627358.931484852
JOB_001872__CON_000187,11627358.931484852
JOB_001905__CON_000036,1304087.3206782376
JOB_001905__CON_000037,1304087.3206782376
JOB_001905__CON_000040,1304087.3206782376
JOB_001905__CON_000137,1304087.3206782376
JOB_001905__CON_000158,1304087.3206782376
JOB_001905__CON_000178,1304087.3206782376
JOB_001905__CON_000187,1304087.3206782376
JOB_001905__CON_000193,1304087.3206782376
JOB_001905__CON_000219,1304087.3206782376
JOB_001916__CON_000075,2509480.0830139653
JOB_001916__CON_000158,2509480.0830139653
JOB_001916__CON_000187,2509480.0830139653
JOB_001931__CON_000037,7007666.863890843
JOB_001931__CON_000158,7007666.863890843
JOB_001937__CON_000057,828482.0023419273
JOB_001937__CON_000120,828482.0023419273
JOB_001937__CON_000174,828482.0023419273
JOB_001967__CON_000158,2420846.55130345
JOB_001967__CON_000164,2420846.55130345
JOB_001968__CON_000030,4128443.672772948
JOB_001968__CON_000075,4128443.672772948
JOB_001968__CON_000187,4128443.672772948
JOB_002001__CON_000009,479089.4032604901
JOB_002001__CON_000212,479089.4032604901
JOB_002009__CON_000033,1039449.5186945193
JOB_002009__CON_000037,1039449.5186945193
JOB_002009__CON_000039,1039449.5186945193
JOB_002009__CON_000169,1039449.5186945193
JOB_002009__CON_000215,1039449.5186945193
JOB_002028__CON_000037,1224098.4748548246
JOB_002028__CON_000039,1224098.4748548246
JOB_002028__CON_000143,1224098.4748548246
JOB_002028__CON_000158,1224098.4748548246
JOB_002028__CON_000169,1224098.4748548246
JOB_002028__CON_000174,1224098.4748548246
JOB_002028__CON_000187,1224098.4748548246
JOB_002028__CON_000215,1224098.4748548246
JOB_002031__CON_000074,3416946.200851395
JOB_002031__CON_000075,3416946.200851395
JOB_002031__CON_000186,3416946.200851395
JOB_002031__CON_000187,3416946.200851395
JOB_002035__CON_000001,1012506.742540482
JOB_002035__CON_000030,1012506.742540482
JOB_002035__CON_000047,1012506.742540482
JOB_002035__CON_000048,1012506.742540482
JOB_002035__CON_000158,1012506.742540482
JOB_002035__CON_000186,1012506.742540482
JOB_002035__CON_000187,1012506.742540482
JOB_002035__CON_000197,1012506.742540482
JOB_002051__CON_000037,9423889.189191375
JOB_002057__CON_000017,10899066.362326536
JOB_002057__CON_000030,10899066.362326536
JOB_002057__CON_000084,10899066.362326536
JOB_002057__CON_000137,10899066.362326536
JOB_002057__CON_000158,10899066.362326536
JOB_002057__CON_000169,10899066.362326536
JOB_002057__CON_000194,10899066.362326536
JOB_002057__CON_000207,10899066.362326536
JOB_002057__CON_000215,10899066.362326536
JOB_002057__CON_000219,10899066.362326536
JOB_002064__CON_000017,293836.4555780817
JOB_002064__CON_000097,293836.4555780817
JOB_002064__CON_000191,293836.4555780817
JOB_002100__CON_000048,820025.7117910109
JOB_002100__CON_000170,820025.7117910109
JOB_002100__CON_000187,820025.7117910109
JOB_002119__CON_000017,1700605.4825357187
JOB_002119__CON_000030,1700605.4825357187
JOB_002119__CON_000137,1700605.4825357187
JOB_002119__CON_000158,1700605.4825357187
JOB_002119__CON_000193,1700605.4825357187
JOB_002119__CON_000194,1700605.4825357187
JOB_002119__CON_000215,11100810.763533745
JOB_002119__CON_000219,1700605.4825357187
JOB_002122__CON_000017,1706179.8962366777
JOB_002122__CON_000030,1706179.8962366777
JOB_002122__CON_000084,1706179.8962366777
JOB_002122__CON_000137,1706179.8962366777
JOB_002122__CON_000158,1706179.8962366777
JOB_002122__CON_000193,1706179.8962366777
JOB_002122__CON_000194,1706179.8962366777
JOB_002122__CON_000219,1706179.8962366777
JOB_002126__CON_000094,733920.5789650232
JOB_002126__CON_000103,733920.5789650232
JOB_002126__CON_000137,733920.5789650232
JOB_002127__CON_000037,7311427.174830339
JOB_002127__CON_000045,7311427.174830339
JOB_002127__CON_000199,7311427.174830339
JOB_002127__CON_000220,7311427.174830339
JOB_002139__CON_000037,854966.4869664008
JOB_002139__CON_000097,854966.4869664008
JOB_002139__CON_000191,854966.4869664008
JOB_002159__CON_000137,832773.4638607242
JOB_002159__CON_000148,832773.4638607242
JOB_002161__CON_000071,989844.4758736964
JOB_002161__CON_000125,989844.4758736964
JOB_002161__CON_000196,989844.4758736964
JOB_002161__CON_000213,989844.4758736964
JOB_002165__CON_000017,1883810.0981349875
JOB_002165__CON_000194,1883810.0981349875
JOB_002165__CON_000215,1883810.0981349875
JOB_002210__CON_000187,1116010.9991121176
JOB_002240__CON_000038,697362.1404012416
JOB_002240__CON_000137,697362.1404012416
JOB_002246__CON_000031,2238924.0866957405
JOB_002246__CON_000075,2238924.0866957405
JOB_002246__CON_000158,2238924.0866957405
JOB_002246__CON_000187,2238924.0866957405
JOB_002247__CON_000130,2765160.156216259
JOB_002247__CON_000164,2765160.156216259
JOB_002262__CON_000037,2579534.3244072334
JOB_002262__CON_000047,2579534.3244072334
JOB_002262__CON_000158,2579534.3244072334
JOB_002262__CON_000164,2579534.3244072334
JOB_002262__CON_000207,2579534.3244072334
JOB_002273__CON_000030,11923691.798414407
JOB_002273__CON_000074,11923691.798414407
JOB_002273__CON_000090,11923691.798414407
JOB_002273__CON_000158,11923691.798414407
JOB_002273__CON_000187,11923691.798414407
JOB_002280__CON_000158,1289970.1711035643
JOB_002280__CON_000215,1289970.1711035643
JOB_002288__CON_000158,3225206.5846699597
JOB_002288__CON_000207,3225206.5846699597
JOB_002301__CON_000037,6527008.513506136
JOB_002301__CON_000187,6527008.513506136
JOB_002301__CON_000207,6527008.513506136
JOB_002319__CON_000033,3590550.0024208794
JOB_002319__CON_000037,3590550.0024208794
JOB_002319__CON_000039,3590550.0024208794
JOB_002319__CON_000158,3590550.0024208794
JOB_002319__CON_000164,3590550.0024208794
JOB_002319__CON_000169,3590550.0024208794
JOB_002319__CON_000187,3590550.0024208794
JOB_002319__CON_000194,3590550.0024208794
JOB_002319__CON_000215,3590550.0024208794
JOB_002319__CON_000220,3590550.0024208794
JOB_002323__CON_000030,937441.4107042649
JOB_002323__CON_000075,937441.4107042649
JOB_002323__CON_000158,937441.4107042649
JOB_002323__CON_000164,937441.4107042649
JOB_002323__CON_000169,937441.4107042649
JOB_002323__CON_000187,937441.4107042649
JOB_002323__CON_000194,937441.4107042649
JOB_002333__CON_000030,1753259.7373066887
JOB_002333__CON_000037,1753259.7373066887
JOB_002333__CON_000137,1753259.7373066887
JOB_002333__CON_000158,1753259.7373066887
JOB_002333__CON_000164,1753259.7373066887
JOB_002333__CON_000169,1753259.7373066887
JOB_002333__CON_000174,1753259.7373066887
JOB_002338__CON_000037,11361339.498918924
JOB_002338__CON_000158,11361339.498918924
JOB_002338__CON_000187,11361339.498918924
JOB_002338__CON_000207,11361339.498918924
JOB_002364__CON_000037,2425810.7214676887
JOB_002364__CON_000158,2425810.7214676887
JOB_002364__CON_000169,2425810.7214676887
JOB_002364__CON_000174,2425810.7214676887
JOB_002364__CON_000187,2425810.7214676887
JOB_002364__CON_000215,2425810.7214676887
JOB_002365__CON_000036,427151.9519685336
JOB_002365__CON_000038,427151.9519685336
JOB_002365__CON_000087,427151.9519685336
JOB_002365__CON_000137,427151.9519685336
JOB_002390__CON_000001,4566226.807813604
JOB_002390__CON_000031,4566226.807813604
JOB_002390__CON_000075,4566226.807813604
JOB_002390__CON_000158,4566226.807813604
JOB_002395__CON_000030,751335.4426834034
JOB_002395__CON_000048,751335.4426834034
JOB_002395__CON_000075,751335.4426834034
JOB_002395__CON_000077,751335.4426834034
JOB_002395__CON_000088,751335.4426834034
JOB_002395__CON_000137,751335.4426834034
JOB_002395__CON_000167,751335.4426834034
JOB_002395__CON_000186,751335.4426834034
JOB_002395__CON_000187,751335.4426834034
JOB_002395__CON_000219,751335.4426834034
JOB_002397__CON_000105,318256.40249402827
JOB_002397__CON_000132,318256.40249402827
JOB_002397__CON_000193,318256.40249402827
JOB_002397__CON_000205,318256.40249402827
JOB_002398__CON_000017,5432634.924797407
JOB_002398__CON_000194,5432634.924797407
JOB_002406__CON_000108,1404617.4712707808
JOB_002406__CON_000129,1404617.4712707808
JOB_002406__CON_000187,1404617.4712707808
JOB_002414__CON_000030,2189551.6342510562
JOB_002414__CON_000033,2189551.6342510562
JOB_002414__CON_000075,2189551.6342510562
JOB_002414__CON_000158,2189551.6342510562
JOB_002414__CON_000164,2189551.6342510562
JOB_002414__CON_000174,2189551.6342510562
JOB_002414__CON_000187,2189551.6342510562
JOB_002414__CON_000215,2189551.6342510562
JOB_002429__CON_000017,1561248.1207325228
JOB_002429__CON_000030,1561248.1207325228
JOB_002429__CON_000084,1561248.1207325228
JOB_002429__CON_000137,1561248.1207325228
JOB_002429__CON_000193,1561248.1207325228
JOB_002429__CON_000194,1561248.1207325228
JOB_002430__CON_000031,5619055.553501055
JOB_002430__CON_000075,5619055.553501055
JOB_002430__CON_000158,5619055.553501055
JOB_002430__CON_000187,5619055.553501055
JOB_002437__CON_000037,1914657.5762462139
JOB_002437__CON_000045,1914657.5762462139
JOB_002437__CON_000057,1914657.5762462139
JOB_002437__CON_000158,1914657.5762462139
JOB_002437__CON_000199,1914657.5762462139
JOB_002440__CON_000037,2002684.8262479524
JOB_002440__CON_000045,2002684.8262479524
JOB_002440__CON_000158,2002684.8262479524
JOB_002440__CON_000174,2002684.8262479524
JOB_002440__CON_000220,2002684.8262479524
JOB_002447__CON_000047,11594893.286558466
JOB_002447__CON_000058,11594893.286558466
JOB_002447__CON_000129,11594893.286558466
JOB_002447__CON_000151,11594893.286558466
JOB_002447__CON_000158,11594893.286558466
JOB_002447__CON_000187,11594893.286558466
JOB_002454__CON_000075,5216454.816135208
JOB_002454__CON_000088,5216454.816135208
JOB_002454__CON_000186,5216454.816135208
JOB_002454__CON_000236,5216454.816135208
JOB_002495__CON_000031,2645801.0257548834
JOB_002495__CON_000075,2645801.0257548834
JOB_002495__CON_000187,2645801.0257548834
JOB_002506__CON_000074,3569106.58544118
JOB_002506__CON_000075,3569106.58544118
JOB_002506__CON_000131,3569106.58544118
JOB_002506__CON_000187,3569106.58544118
JOB_002517__CON_000037,1406137.648320279
JOB_002517__CON_000187,1406137.648320279
JOB_002517__CON_000207,1406137.648320279
JOB_002518__CON_000037,1982858.2708344935
JOB_002518__CON_000187,1982858.2708344935
JOB_002519__CON_000060,764599.7761625478
JOB_002519__CON_000069,764599.7761625478
JOB_002519__CON_000095,764599.7761625478
JOB_002519__CON_000179,764599.7761625478
JOB_002525__CON_000037,605818.6118870388
JOB_002525__CON_000158,605818.6118870388
JOB_002525__CON_000174,605818.6118870388
JOB_002529__CON_000037,314775.41197481274
JOB_002529__CON_000122,314775.41197481274
JOB_002529__CON_000158,314775.41197481274
JOB_002529__CON_000174,314775.41197481274
JOB_002541__CON_000033,2649155.822763815
JOB_002541__CON_000037,2649155.822763815
JOB_002541__CON_000158,2649155.822763815
JOB_002541__CON_000164,2649155.822763815
JOB_002541__CON_000169,2649155.822763815
JOB_002541__CON_000174,2649155.822763815
JOB_002541__CON_000187,2649155.822763815
JOB_002541__CON_000215,2649155.822763815
JOB_002541__CON_000220,2649155.822763815
JOB_002545__CON_000061,691758.5563471562
JOB_002545__CON_000217,691758.5563471562
JOB_002548__CON_000037,634794.3597613834
JOB_002548__CON_000067,634794.3597613834
JOB_002548__CON_000137,634794.3597613834
JOB_002548__CON_000148,634794.3597613834
JOB_002567__CON_000039,1541853.4944379423
JOB_002567__CON_000137,1541853.4944379423
JOB_002567__CON_000158,1541853.4944379423
JOB_002567__CON_000164,1541853.4944379423
JOB_002567__CON_000169,1541853.4944379423
JOB_002567__CON_000215,1541853.4944379423
JOB_002581__CON_000046,1920791.6352303505
JOB_002581__CON_000158,1920791.6352303505
JOB_002589__CON_000105,1155074.5904090358
JOB_002589__CON_000132,1155074.5904090358
JOB_002589__CON_000193,1155074.5904090358
JOB_002589__CON_000205,1155074.5904090358
JOB_002596__CON_000046,361145.4418395184
JOB_002596__CON_000157,361145.4418395184
JOB_002596__CON_000158,361145.4418395184
JOB_002596__CON_000191,361145.4418395184
JOB_002599__CON_000038,3123643.7381252237
JOB_002599__CON_000043,3123643.7381252237
JOB_002599__CON_000074,3123643.7381252237
JOB_002599__CON_000158,3123643.7381252237
JOB_002599__CON_000187,3123643.7381252237
JOB_002604__CON_000043,7244590.572515573
JOB_002604__CON_000074,7244590.572515573
JOB_002604__CON_000152,7244590.572515573
JOB_002604__CON_000187,7244590.572515573
JOB_002604__CON_000194,7244590.572515573
JOB_002625__CON_000108,3195854.5518336166
JOB_002625__CON_000158,3195854.5518336166
JOB_002625__CON_000187,3195854.5518336166
JOB_002628__CON_000047,5121686.530144507
JOB_002628__CON_000158,5121686.530144507
JOB_002628__CON_000187,5121686.530144507
JOB_002644__CON_000037,3590230.967205865
JOB_002644__CON_000158,3590230.967205865
JOB_002651__CON_000017,279631.30374619964
JOB_002651__CON_000084,279631.30374619964
JOB_002651__CON_000137,279631.30374619964
JOB_002651__CON_000158,279631.30374619964
JOB_002651__CON_000194,279631.30374619964
JOB_002651__CON_000219,279631.30374619964
JOB_002658__CON_000037,2557829.5601956793
JOB_002658__CON_000158,2557829.5601956793
JOB_002658__CON_000187,2557829.5601956793
JOB_002661__CON_000108,2625727.712590694
JOB_002661__CON_000129,2625727.712590694
JOB_002661__CON_000137,2625727.712590694
JOB_002661__CON_000156,2625727.712590694
JOB_002661__CON_000187,2625727.712590694
JOB_002664__CON_000105,691060.4015945067
JOB_002664__CON_000107,691060.4015945067
JOB_002664__CON_000132,691060.4015945067
JOB_002675__CON_000037,1450447.968461189
JOB_002675__CON_000158,1450447.968461189
JOB_002679__CON_000037,3351057.576170524
JOB_002679__CON_000046,3351057.576170524
JOB_002679__CON_000158,3351057.576170524
JOB_002679__CON_000174,3351057.576170524
JOB_002679__CON_000215,3351057.576170524
JOB_002697__CON_000037,2623423.3993438496
JOB_002697__CON_000229,2623423.3993438496
JOB_002704__CON_000010,11388893.94849016
JOB_002704__CON_000037,11388893.94849016
JOB_002704__CON_000045,11388893.94849016
JOB_002704__CON_000227,11388893.94849016
JOB_002705__CON_000039,1254337.6773065468
JOB_002705__CON_000158,1254337.6773065468
JOB_002705__CON_000164,1254337.6773065468
JOB_002705__CON_000169,1254337.6773065468
JOB_002705__CON_000174,1254337.6773065468
JOB_002705__CON_000187,1254337.6773065468
JOB_002705__CON_000215,1254337.6773065468
JOB_002711__CON_000036,435219.34648244345
JOB_002711__CON_000038,435219.34648244345
JOB_002711__CON_000137,435219.34648244345
JOB_002714__CON_000037,5896495.547278624
JOB_002714__CON_000143,5896495.547278624
JOB_002714__CON_000158,5896495.547278624
JOB_002717__CON_000001,1079844.7928476017
JOB_002717__CON_000030,1079844.7928476017
JOB_002717__CON_000047,1079844.7928476017
JOB_002717__CON_000075,1079844.7928476017
JOB_002717__CON_000137,1079844.7928476017
JOB_002717__CON_000158,1079844.7928476017
JOB_002717__CON_000169,1079844.7928476017
JOB_002717__CON_000187,1079844.7928476017
JOB_002732__CON_000075,6342609.593636844
JOB_002732__CON_000158,6342609.593636844
JOB_002732__CON_000187,6342609.593636844
JOB_002748__CON_000033,2689513.0659771385
JOB_002748__CON_000039,2689513.0659771385
JOB_002748__CON_000158,2689513.0659771385
JOB_002748__CON_000169,2689513.0659771385
JOB_002748__CON_000215,2689513.0659771385
JOB_002754__CON_000017,1310355.6981089895
JOB_002754__CON_000036,1310355.6981089895
JOB_002754__CON_000137,1310355.6981089895
JOB_002754__CON_000158,1310355.6981089895
JOB_002754__CON_000178,1310355.6981089895
JOB_002754__CON_000194,1310355.6981089895
JOB_002754__CON_000219,1310355.6981089895
JOB_002763__CON_000037,733371.7857610182
JOB_002763__CON_000191,733371.7857610182
JOB_002778__CON_000107,1201876.7054161853
JOB_002778__CON_000132,1201876.7054161853
JOB_002778__CON_000193,1201876.7054161853
JOB_002794__CON_000108,7043822.272063998
JOB_002794__CON_000187,7043822.272063998
JOB_002800__CON_000037,1846424.6433835425
JOB_002800__CON_000157,1846424.6433835425
JOB_002800__CON_000158,1846424.6433835425
JOB_002800__CON_000169,1846424.6433835425
JOB_002800__CON_000187,1846424.6433835425
JOB_002818__CON_000061,718867.3446437976
JOB_002818__CON_000133,718867.3446437976
JOB_002818__CON_000217,718867.3446437976
JOB_002828__CON_000036,272362.052966994
JOB_002828__CON_000121,272362.052966994
JOB_002828__CON_000137,272362.052966994
JOB_002828__CON_000142,272362.052966994
JOB_002828__CON_000158,272362.052966994
JOB_002828__CON_000164,272362.052966994
JOB_002828__CON_000174,272362.052966994
JOB_002875__CON_000036,1366144.3981208897
JOB_002875__CON_000142,1366144.3981208897
JOB_002877__CON_000030,859549.589162596
JOB_002877__CON_000047,859549.589162596
JOB_002877__CON_000137,859549.589162596
JOB_002877__CON_000148,859549.589162596
JOB_002877__CON_000158,859549.589162596
JOB_002877__CON_000187,859549.589162596
JOB_002877__CON_000193,859549.589162596
JOB_002877__CON_000194,859549.589162596
JOB_002892__CON_000190,538561.6629836807
JOB_002896__CON_000108,4603351.626461601
JOB_002896__CON_000129,4603351.626461601
JOB_002896__CON_000187,4603351.626461601
JOB_002902__CON_000105,1155074.5904090358
JOB_002902__CON_000132,1155074.5904090358
JOB_002902__CON_000193,1155074.5904090358
JOB_002912__CON_000036,536077.8366005126
JOB_002912__CON_000038,536077.8366005126
JOB_002912__CON_000174,536077.8366005126
JOB_002923__CON_000036,394838.9640246594
JOB_002923__CON_000038,394838.9640246594
JOB_002923__CON_000137,394838.9640246594
JOB_002923__CON_000187,394838.9640246594
JOB_002927__CON_000037,3165777.9864709326
JOB_002927__CON_000158,3165777.9864709326
JOB_002927__CON_000214,3165777.9864709326
JOB_002930__CON_000047,7126853.976192741
JOB_002930__CON_000137,7126853.976192741
JOB_002930__CON_000158,7126853.976192741
JOB_002930__CON_000187,7126853.976192741
JOB_002930__CON_000207,7126853.976192741
JOB_002937__CON_000037,1487815.247702353
JOB_002937__CON_000158,1487815.247702353
JOB_002944__CON_000017,916514.5329168623
JOB_002944__CON_000158,916514.5329168623
JOB_002944__CON_000194,916514.5329168623
JOB_002946__CON_000057,5081229.427427622
JOB_002946__CON_000122,5081229.427427622
JOB_002946__CON_000143,5081229.427427622
JOB_002946__CON_000158,5081229.427427622
JOB_002954__CON_000037,542421.2056712392
JOB_002954__CON_000187,542421.2056712392
JOB_002963__CON_000074,6427519.315816363
JOB_002963__CON_000152,6427519.315816363
JOB_002963__CON_000187,6427519.315816363
JOB_002980__CON_000017,6876126.695340211
JOB_002980__CON_000030,6876126.695340211
JOB_002980__CON_000037,6876126.695340211
JOB_002980__CON_000039,6876126.695340211
JOB_002980__CON_000158,6876126.695340211
JOB_002980__CON_000169,6876126.695340211
JOB_002980__CON_000187,6876126.695340211
JOB_002980__CON_000194,6876126.695340211
JOB_002980__CON_000215,6876126.695340211
JOB_002985__CON_000217,343314.7586910386
JOB_002990__CON_000137,2259862.4572356837
JOB_002990__CON_000164,2259862.4572356837
JOB_003001__CON_000037,8087696.881030253
JOB_003001__CON_000045,8087696.881030253
JOB_003001__CON_000158,8087696.881030253
JOB_003001__CON_000174,8087696.881030253
JOB_003001__CON_000199,8087696.881030253
JOB_003011__CON_000037,6398720.666836814
JOB_003015__CON_000019,318256.40249402827
JOB_003015__CON_000132,318256.40249402827
JOB_003015__CON_000193,318256.40249402827
JOB_003028__CON_000108,10395694.34693501
JOB_003028__CON_000129,10395694.34693501
JOB_003028__CON_000158,10395694.34693501
JOB_003028__CON_000187,10395694.34693501
JOB_003044__CON_000187,3115818.9349811305
JOB_003050__CON_000039,1168884.1283307741
JOB_003050__CON_000158,1168884.1283307741
JOB_003050__CON_000215,1168884.1283307741
JOB_003050__CON_000228,1168884.1283307741
JOB_003069__CON_000097,428929.2504606789
JOB_003069__CON_000191,428929.2504606789
JOB_003085__CON_000061,524740.4704763994
JOB_003085__CON_000217,524740.4704763994
JOB_003099__CON_000037,2232719.71000747
JOB_003099__CON_000045,2232719.71000747
JOB_003099__CON_000158,2232719.71000747
JOB_003099__CON_000174,2232719.71000747
JOB_003099__CON_000199,2232719.71000747
JOB_003129__CON_000094,1415909.3222892939
JOB_003145__CON_000107,318256.40249402827
JOB_003145__CON_000132,318256.40249402827
JOB_003145__CON_000161,318256.40249402827
JOB_003145__CON_000193,318256.40249402827
JOB_003147__CON_000060,7921804.690697667
JOB_003147__CON_000130,7921804.690697667
JOB_003148__CON_000037,1257952.0014897876
JOB_003148__CON_000158,1257952.0014897876
JOB_003148__CON_000174,1257952.0014897876
JOB_003159__CON_000188,2542100.86775846
JOB_003159__CON_000197,2542100.86775846
JOB_003163__CON_000037,2204457.9063709085
JOB_003163__CON_000158,2204457.9063709085
JOB_003177__CON_000037,3158258.0766257085
JOB_003177__CON_000040,3158258.0766257085
JOB_003177__CON_000187,3158258.0766257085
JOB_003177__CON_000207,3158258.0766257085
JOB_003177__CON_000229,3158258.0766257085
JOB_003189__CON_000170,984933.1394333165
JOB_003189__CON_000187,984933.1394333165
JOB_003193__CON_000030,1384558.0735992084
JOB_003193__CON_000033,1384558.0735992084
JOB_003193__CON_000039,1384558.0735992084
JOB_003193__CON_000158,1384558.0735992084
JOB_003193__CON_000169,1384558.0735992084
JOB_003196__CON_000001,1167990.7269483574
JOB_003196__CON_000191,1167990.7269483574
JOB_003202__CON_000036,485252.06174266693
JOB_003202__CON_000137,485252.06174266693
JOB_003202__CON_000178,485252.06174266693
JOB_003203__CON_000001,7104414.634655399
JOB_003203__CON_000031,7104414.634655399
JOB_003203__CON_000033,7104414.634655399
JOB_003203__CON_000075,7104414.634655399
JOB_003203__CON_000158,7104414.634655399
JOB_003205__CON_000002,1424372.6383013362
JOB_003205__CON_000036,1424372.6383013362
JOB_003205__CON_000108,1424372.6383013362
JOB_003205__CON_000137,1424372.6383013362
JOB_003205__CON_000158,1424372.6383013362
JOB_003205__CON_000178,1424372.6383013362
JOB_003205__CON_000207,1424372.6383013362
JOB_003219__CON_000157,1997222.4060633366
JOB_003219__CON_000158,1997222.4060633366
JOB_003220__CON_000137,365608.36061077105
JOB_003220__CON_000215,365608.36061077105
JOB_003227__CON_000016,9946445.502852036
JOB_003227__CON_000039,9946445.502852036
JOB_003227__CON_000046,9946445.502852036
JOB_003227__CON_000158,9946445.502852036
JOB_003227__CON_000215,9946445.502852036
JOB_003236__CON_000001,1630080.8862460016
JOB_003236__CON_000033,1630080.8862460016
JOB_003236__CON_000039,1630080.8862460016
JOB_003236__CON_000075,1630080.8862460016
JOB_003236__CON_000158,1630080.8862460016
JOB_003236__CON_000187,1630080.8862460016
JOB_003254__CON_000097,563115.9065292748
JOB_003254__CON_000191,563115.9065292748
JOB_003264__CON_000137,1019384.5886574507
JOB_003264__CON_000174,1019384.5886574507
JOB_003266__CON_000073,1863818.0053366632
JOB_003266__CON_000075,1863818.0053366632
JOB_003266__CON_000094,1863818.0053366632
JOB_003266__CON_000116,1863818.0053366632
JOB_003328__CON_000031,951044.0993178543
JOB_003328__CON_000075,951044.0993178543
JOB_003328__CON_000187,951044.0993178543
JOB_003339__CON_000017,2665509.9351749783
JOB_003339__CON_000084,2665509.9351749783
JOB_003339__CON_000158,2665509.9351749783
JOB_003339__CON_000215,2665509.9351749783
JOB_003380__CON_000037,2235857.423202768
JOB_003380__CON_000040,2235857.423202768
JOB_003380__CON_000137,2235857.423202768
JOB_003380__CON_000151,2235857.423202768
JOB_003380__CON_000156,2235857.423202768
JOB_003380__CON_000169,2235857.423202768
JOB_003380__CON_000188,2235857.423202768
JOB_003380__CON_000207,2235857.423202768
JOB_003386__CON_000037,1381781.4050700334
JOB_003386__CON_000191,1381781.4050700334
JOB_003387__CON_000001,2885291.822831516
JOB_003387__CON_000137,2885291.822831516
JOB_003387__CON_000158,2885291.822831516
JOB_003387__CON_000164,2885291.822831516
JOB_003392__CON_000108,11388873.54348249
JOB_003392__CON_000129,11388873.54348249
JOB_003392__CON_000156,11388873.54348249
JOB_003392__CON_000187,11388873.54348249
JOB_003397__CON_000017,909573.7531775115
JOB_003397__CON_000030,909573.7531775115
JOB_003397__CON_000084,909573.7531775115
JOB_003397__CON_000131,909573.7531775115
JOB_003397__CON_000137,909573.7531775115
JOB_003397__CON_000193,909573.7531775115
JOB_003397__CON_000194,909573.7531775115
JOB_003397__CON_000219,909573.7531775115
JOB_003408__CON_000037,1605258.105795399
JOB_003408__CON_000187,1605258.105795399
JOB_003412__CON_000073,1957737.6913391547
JOB_003412__CON_000094,1957737.6913391547
JOB_003412__CON_000106,1957737.6913391547
JOB_003413__CON_000037,8009535.989445388
JOB_003413__CON_000137,8009535.989445388
JOB_003413__CON_000151,8009535.989445388
JOB_003413__CON_000158,8009535.989445388
JOB_003413__CON_000187,8009535.989445388
JOB_003413__CON_000207,8009535.989445388
JOB_003431__CON_000060,2047162.5829033817
JOB_003431__CON_000130,2047162.5829033817
JOB_003439__CON_000017,2100211.1988665094
JOB_003439__CON_000066,2100211.1988665094
JOB_003439__CON_000137,2100211.1988665094
JOB_003439__CON_000178,2100211.1988665094
JOB_003439__CON_000193,2100211.1988665094
JOB_003439__CON_000194,2100211.1988665094
JOB_003439__CON_000207,2100211.1988665094
JOB_003439__CON_000215,2100211.1988665094
JOB_003451__CON_000039,1832491.57018003
JOB_003451__CON_000046,1832491.57018003
JOB_003451__CON_000158,1832491.57018003
JOB_003451__CON_000187,1832491.57018003
JOB_003451__CON_000215,1832491.57018003
JOB_003452__CON_000017,1030954.0350207674
JOB_003452__CON_000030,1030954.0350207674
JOB_003452__CON_000075,1030954.0350207674
JOB_003452__CON_000137,1030954.0350207674
JOB_003452__CON_000158,1030954.0350207674
JOB_003452__CON_000193,1030954.0350207674
JOB_003452__CON_000194,1030954.0350207674
JOB_003452__CON_000219,1030954.0350207674
JOB_003453__CON_000158,4722029.661594256
JOB_003456__CON_000046,7350979.742267529
JOB_003456__CON_000157,7350979.742267529
JOB_003456__CON_000158,7350979.742267529
JOB_003456__CON_000187,7350979.742267529
JOB_003462__CON_000012,2124764.520729376
JOB_003462__CON_000137,2124764.520729376
JOB_003462__CON_000187,2124764.520729376
JOB_003471__CON_000108,1435837.2855997884
JOB_003471__CON_000129,1435837.2855997884
JOB_003471__CON_000158,1435837.2855997884
JOB_003471__CON_000188,1435837.2855997884
JOB_003481__CON_000129,900993.8870735994
JOB_003481__CON_000158,900993.8870735994
JOB_003523__CON_000001,823260.8433268524
JOB_003523__CON_000097,823260.8433268524
JOB_003523__CON_000191,823260.8433268524
JOB_003525__CON_000107,639717.0322685031
JOB_003525__CON_000132,639717.0322685031
JOB_003532__CON_000017,383579.08968508063
JOB_003532__CON_000036,383579.08968508063
JOB_003532__CON_000038,383579.08968508063
JOB_003532__CON_000137,383579.08968508063
JOB_003536__CON_000137,1277467.3002273263
JOB_003536__CON_000139,1277467.3002273263
JOB_003536__CON_000156,1277467.3002273263
JOB_003551__CON_000046,2411722.2851496534
JOB_003551__CON_000158,2411722.2851496534
JOB_003551__CON_000187,2411722.2851496534
JOB_003557__CON_000075,8224541.1000000145
JOB_003557__CON_000088,8224541.1000000145
JOB_003557__CON_000187,8224541.1000000145
JOB_003557__CON_000215,8224541.1000000145
JOB_003559__CON_000036,1643101.4271751426
JOB_003559__CON_000047,1643101.4271751426
JOB_003559__CON_000137,1643101.4271751426
JOB_003559__CON_000158,1643101.4271751426
JOB_003559__CON_000187,1643101.4271751426
JOB_003562__CON_000037,9025804.452706872
JOB_003562__CON_000045,9025804.452706872
JOB_003562__CON_000174,9025804.452706872
JOB_003562__CON_000199,9025804.452706872
JOB_003569__CON_000073,556524.4011573058
JOB_003569__CON_000075,556524.4011573058
JOB_003569__CON_000094,556524.4011573058
JOB_003569__CON_000116,556524.4011573058
JOB_003570__CON_000139,2991494.239553392
JOB_003570__CON_000158,2991494.239553392
JOB_003570__CON_000187,2991494.239553392
JOB_003570__CON_000215,2991494.239553392
JOB_003570__CON_000220,2991494.239553392
JOB_003574__CON_000158,552445.1310098489
JOB_003574__CON_000187,552445.1310098489
JOB_003582__CON_000017,1324498.954369188
JOB_003582__CON_000084,1324498.954369188
JOB_003582__CON_000131,1324498.954369188
JOB_003582__CON_000137,1324498.954369188
JOB_003582__CON_000193,1324498.954369188
JOB_003582__CON_000194,1324498.954369188
JOB_003582__CON_000219,1324498.954369188
JOB_003595__CON_000094,1333678.8594768743
JOB_003605__CON_000036,224130.3464884886
JOB_003605__CON_000067,224130.3464884886
JOB_003605__CON_000083,224130.3464884886
JOB_003612__CON_000012,1560763.2952703142
JOB_003612__CON_000143,1560763.2952703142
JOB_003612__CON_000157,1560763.2952703142
JOB_003612__CON_000158,1560763.2952703142
JOB_003612__CON_000187,1560763.2952703142
JOB_003612__CON_000215,1560763.2952703142
JOB_003618__CON_000037,4395563.65668841
JOB_003618__CON_000158,4395563.65668841
JOB_003628__CON_000037,7610697.869292715
JOB_003628__CON_000158,7610697.869292715
JOB_003628__CON_000187,7610697.869292715
JOB_003655__CON_000108,1628203.5797423387
JOB_003655__CON_000137,1628203.5797423387
JOB_003655__CON_000151,1628203.5797423387
JOB_003655__CON_000156,1628203.5797423387
JOB_003662__CON_000033,1479372.4546240116
JOB_003662__CON_000037,1479372.4546240116
JOB_003662__CON_000039,1479372.4546240116
JOB_003662__CON_000046,1479372.4546240116
JOB_003662__CON_000158,1479372.4546240116
JOB_003662__CON_000187,1479372.4546240116
JOB_003662__CON_000215,1479372.4546240116
JOB_003662__CON_000220,1479372.4546240116
JOB_003672__CON_000030,9851895.02525042
JOB_003672__CON_000075,9851895.02525042
JOB_003672__CON_000158,9851895.02525042
JOB_003672__CON_000187,9851895.02525042
JOB_003672__CON_000194,9851895.02525042
JOB_003672__CON_000215,9851895.02525042
JOB_003673__CON_000046,2002219.0857606283
JOB_003673__CON_000158,2002219.0857606283
JOB_003676__CON_000170,1501100.6028137703
JOB_003676__CON_000187,1501100.6028137703
JOB_003691__CON_000037,9915292.190125374
JOB_003691__CON_000045,9915292.190125374
JOB_003691__CON_000158,9915292.190125374
JOB_003714__CON_000037,344157.2121689484
JOB_003714__CON_000083,344157.2121689484
JOB_003714__CON_000137,344157.2121689484
